<?xml version="1.0" encoding="UTF-8"?>
<description xmlns="http://openoffice.org/extensions/description/2006" xmlns:d="http://openoffice.org/extensions/description/2006" xmlns:xlink="http://www.w3.org/1999/xlink">
	<version value="2023.04.05" />
	<identifier value="parnodexmentegar.vec" />
	<display-name>
		<name lang="en">Spelling dictionary, thesaurus, and hyphenator for the venetan language</name>
		<name lang="vec">Diŧionario ortogràfego, vokabolario, e silabador par la lengua vèneta</name>
		<name lang="it">Dizionario ortografico, vocabolario, e sillabatore per la lingua veneta</name>
		<name lang="es">Diccionario ortográfico, de sinónimos, y la separación de sílabas para la lengua véneta</name>
		<name lang="gl">Dicionario ortográfico, de sinónimos, e hifenizador para a lingua véneta</name>
		<name lang="pt">Dicionário ortográfico, dicionário de sinônimos e hifenizador para a língua veneta</name>
	</display-name>
	<!-- Dictionaries should work with all platforms -->
	<platform value="all" />
	<!-- A minimal OpenOffice.org version the extension requires to be used with -->
	<dependencies>
		<OpenOffice.org-minimal-version value="3.4" d:name="OpenOffice.org 3.4" />
	</dependencies>
	<icon>
		<default xlink:href="images/veneto.png" />
	</icon>
	<publisher>
		<name xlink:href="http://parnodexmentegar.orgfree.com/" lang="en">Mauro Trevisan</name>
		<name xlink:href="http://parnodexmentegar.orgfree.com/" lang="vec">Màuro Trevixan</name>
	</publisher>
	<extension-description>
		<src xlink:href="description/desc_en.txt" lang="en" />
		<src xlink:href="description/desc_vec.txt" lang="vec" />
		<src xlink:href="description/desc_it.txt" lang="it" />
		<src xlink:href="description/desc_es.txt" lang="es" />
		<src xlink:href="description/desc_gl.txt" lang="gl" />
		<src xlink:href="description/desc_pt.txt" lang="pt" />
	</extension-description>
	<registration>
		<simple-license accept-by="admin" default-license-id="en" suppress-if-required="true">
			<license-text xlink:href="licenses/license-en.txt" lang="en" license-id="en" />
		</simple-license>
	</registration>
</description>
